second,Volt
+23.60000E-06,+2.41206028E-03
+23.65000E-06,+1.60804018E-03
+23.70000E-06,+2.31155776E-03
+23.75000E-06,+1.60804018E-03
+23.80000E-06,+1.60804018E-03
+23.85000E-06,+2.31155776E-03
+23.90000E-06,+2.41206028E-03
+23.95000E-06,+2.41206028E-03
+24.00000E-06,+2.41206028E-03
+24.05000E-06,+2.41206028E-03
+24.10000E-06,+2.51256279E-03
+24.15000E-06,+2.41206028E-03
+24.20000E-06,+2.51256279E-03
+24.25000E-06,+2.41206028E-03
+24.30000E-06,+2.41206028E-03
+24.35000E-06,+2.41206028E-03
+24.40000E-06,+1.60804018E-03
+24.45000E-06,+2.41206028E-03
+24.50000E-06,+2.41206028E-03
+24.55000E-06,+1.70854270E-03
+24.60000E-06,+2.41206028E-03
+24.65000E-06,+2.41206028E-03
+24.70000E-06,+2.41206028E-03
+24.75000E-06,+2.41206028E-03
+24.80000E-06,+2.41206028E-03
+24.85000E-06,+2.41206028E-03
+24.90000E-06,+2.41206028E-03
+24.95000E-06,+2.41206028E-03
+25.00000E-06,+2.41206028E-03
+25.05000E-06,+2.41206028E-03
+25.10000E-06,+2.41206028E-03
+25.15000E-06,+2.31155776E-03
+25.20000E-06,+1.60804018E-03
+25.25000E-06,+2.41206028E-03
+25.30000E-06,+2.41206028E-03
+25.35000E-06,+2.41206028E-03
+25.40000E-06,+2.41206028E-03
+25.45000E-06,+2.41206028E-03
+25.50000E-06,+3.11557786E-03
+25.55000E-06,+2.41206028E-03
+25.60000E-06,+2.41206028E-03
+25.65000E-06,+3.11557786E-03
+25.70000E-06,+2.41206028E-03
+25.75000E-06,+2.41206028E-03
+25.80000E-06,+2.41206028E-03
+25.85000E-06,+2.41206028E-03
+25.90000E-06,+2.41206028E-03
+25.95000E-06,+2.41206028E-03
+26.00000E-06,+1.60804018E-03
+26.05000E-06,+1.70854270E-03
+26.10000E-06,+2.41206028E-03
+26.15000E-06,+2.31155776E-03
+26.20000E-06,+1.60804018E-03
+26.25000E-06,+2.41206028E-03
+26.30000E-06,+2.41206028E-03
+26.35000E-06,+2.41206028E-03
+26.40000E-06,+2.41206028E-03
+26.45000E-06,+2.41206028E-03
+26.50000E-06,+2.41206028E-03
+26.55000E-06,+2.41206028E-03
+26.60000E-06,+2.41206028E-03
+26.65000E-06,+2.41206028E-03
+26.70000E-06,+2.41206028E-03
+26.75000E-06,+2.41206028E-03
+26.80000E-06,+2.41206028E-03
+26.85000E-06,+1.60804018E-03
+26.90000E-06,+2.41206028E-03
+26.95000E-06,+2.41206028E-03
+27.00000E-06,+2.41206028E-03
+27.05000E-06,+2.51256279E-03
+27.10000E-06,+2.41206028E-03
+27.15000E-06,+2.41206028E-03
+27.20000E-06,+2.41206028E-03
+27.25000E-06,+1.60804018E-03
+27.30000E-06,+2.41206028E-03
+27.35000E-06,+2.41206028E-03
+27.40000E-06,+2.41206028E-03
+27.45000E-06,+2.41206028E-03
+27.50000E-06,+2.41206028E-03
+27.55000E-06,+2.41206028E-03
+27.60000E-06,+2.41206028E-03
+27.65000E-06,+1.70854270E-03
+27.70000E-06,+1.60804018E-03
+27.75000E-06,+1.60804018E-03
+27.80000E-06,+1.60804018E-03
+27.85000E-06,+1.60804018E-03
+27.90000E-06,+1.60804018E-03
+27.95000E-06,+1.60804018E-03
+28.00000E-06,+904.52260E-06
+28.05000E-06,+1.50753767E-03
+28.10000E-06,+1.50753767E-03
+28.15000E-06,+1.50753767E-03
+28.20000E-06,+1.60804018E-03
+28.25000E-06,+804.02009E-06
+28.30000E-06,+804.02009E-06
+28.35000E-06,+0.0E+00
+28.40000E-06,+0.0E+00
+28.45000E-06,+0.0E+00
+28.50000E-06,-804.02009E-06
+28.55000E-06,-100.50251E-06
+28.60000E-06,+0.0E+00
+28.65000E-06,+0.0E+00
+28.70000E-06,+0.0E+00
+28.75000E-06,+0.0E+00
+28.80000E-06,+0.0E+00
+28.85000E-06,+0.0E+00
+28.90000E-06,-804.02009E-06
+28.95000E-06,+0.0E+00
+29.00000E-06,+0.0E+00
+29.05000E-06,-804.02009E-06
+29.10000E-06,-804.02009E-06
+29.15000E-06,-904.52260E-06
+29.20000E-06,-804.02009E-06
+29.25000E-06,-1.60804018E-03
+29.30000E-06,-1.60804018E-03
+29.35000E-06,-2.31155776E-03
+29.40000E-06,-2.41206028E-03
+29.45000E-06,-2.41206028E-03
+29.50000E-06,-2.51256279E-03
+29.55000E-06,-2.41206028E-03
+29.60000E-06,-3.21608037E-03
+29.65000E-06,-3.21608037E-03
+29.70000E-06,-3.21608037E-03
+29.75000E-06,-2.41206028E-03
+29.80000E-06,-2.41206028E-03
+29.85000E-06,-2.41206028E-03
+29.90000E-06,-2.41206028E-03
+29.95000E-06,-2.41206028E-03
+30.00000E-06,-2.41206028E-03
+30.05000E-06,-2.31155776E-03
+30.10000E-06,-1.60804018E-03
+30.15000E-06,-1.60804018E-03
+30.20000E-06,-804.02009E-06
+30.25000E-06,-1.60804018E-03
+30.30000E-06,+0.0E+00
+30.35000E-06,+0.0E+00
+30.40000E-06,-703.51758E-06
+30.45000E-06,+0.0E+00
+30.50000E-06,+804.02009E-06
+30.55000E-06,+904.52260E-06
+30.60000E-06,+1.60804018E-03
+30.65000E-06,+1.60804018E-03
+30.70000E-06,+1.70854270E-03
+30.75000E-06,+2.41206028E-03
+30.80000E-06,+2.41206028E-03
+30.85000E-06,+3.21608037E-03
+30.90000E-06,+3.31658288E-03
+30.95000E-06,+4.02010046E-03
+31.00000E-06,+5.52763813E-03
+31.05000E-06,+4.82412055E-03
+31.10000E-06,+4.82412055E-03
+31.15000E-06,+5.52763813E-03
+31.20000E-06,+4.82412055E-03
+31.25000E-06,+4.82412055E-03
+31.30000E-06,+4.82412055E-03
+31.35000E-06,+4.02010046E-03
+31.40000E-06,+3.21608037E-03
+31.45000E-06,+2.41206028E-03
+31.50000E-06,+2.41206028E-03
+31.55000E-06,+1.60804018E-03
+31.60000E-06,+0.0E+00
+31.65000E-06,+0.0E+00
+31.70000E-06,-804.02009E-06
+31.75000E-06,-2.41206028E-03
+31.80000E-06,-3.21608037E-03
+31.85000E-06,-5.62814064E-03
+31.90000E-06,-6.43216074E-03
+31.95000E-06,-8.04020092E-03
+32.00000E-06,-8.84422101E-03
+32.05000E-06,-11.25628129E-03
+32.10000E-06,-11.35678380E-03
+32.15000E-06,-12.86432147E-03
+32.20000E-06,-15.17587923E-03
+32.25000E-06,-16.88442193E-03
+32.30000E-06,-17.68844202E-03
+32.35000E-06,-19.99999979E-03
+32.40000E-06,-20.90452239E-03
+32.45000E-06,-22.51256257E-03
+32.50000E-06,-23.31658266E-03
+32.55000E-06,-24.92462285E-03
+32.60000E-06,-25.72864294E-03
+32.65000E-06,-26.53266303E-03
+32.70000E-06,-28.14070322E-03
+32.75000E-06,-28.94472331E-03
+32.80000E-06,-29.74874340E-03
+32.85000E-06,-31.35678358E-03
+32.90000E-06,-31.45728610E-03
+32.95000E-06,-32.16080368E-03
+33.00000E-06,-32.96482377E-03
+33.05000E-06,-33.86934637E-03
+33.10000E-06,-34.57286395E-03
+33.15000E-06,-34.57286395E-03
+33.20000E-06,-35.37688404E-03
+33.25000E-06,-35.37688404E-03
+33.30000E-06,-36.18090414E-03
+33.35000E-06,-36.18090414E-03
+33.40000E-06,-36.18090414E-03
+33.45000E-06,-36.98492423E-03
+33.50000E-06,-36.98492423E-03
+33.55000E-06,-36.98492423E-03
+33.60000E-06,-36.98492423E-03
+33.65000E-06,-36.98492423E-03
+33.70000E-06,-36.98492423E-03
+33.75000E-06,-36.98492423E-03
+33.80000E-06,-36.98492423E-03
+33.85000E-06,-36.18090414E-03
+33.90000E-06,-36.98492423E-03
+33.95000E-06,-35.37688404E-03
+34.00000E-06,-35.37688404E-03
+34.05000E-06,-33.86934637E-03
+34.10000E-06,-32.96482377E-03
+34.15000E-06,-32.16080368E-03
+34.20000E-06,-30.55276349E-03
+34.25000E-06,-29.64824089E-03
+34.30000E-06,-27.33668312E-03
+34.35000E-06,-24.92462285E-03
+34.40000E-06,-23.31658266E-03
+34.45000E-06,-20.90452239E-03
+34.50000E-06,-18.49246211E-03
+34.55000E-06,-16.08040184E-03
+34.60000E-06,-13.66834156E-03
+34.65000E-06,-11.25628129E-03
+34.70000E-06,-8.84422101E-03
+34.75000E-06,-5.62814064E-03
+34.80000E-06,-2.41206028E-03
+34.85000E-06,+0.0E+00
+34.90000E-06,+2.41206028E-03
+34.95000E-06,+4.82412055E-03
+35.00000E-06,+8.04020092E-03
+35.05000E-06,+10.45226119E-03
+35.10000E-06,+12.86432147E-03
+35.15000E-06,+15.27638175E-03
+35.20000E-06,+17.68844202E-03
+35.25000E-06,+20.20100481E-03
+35.30000E-06,+22.51256257E-03
+35.35000E-06,+24.92462285E-03
+35.40000E-06,+27.33668312E-03
+35.45000E-06,+28.94472331E-03
+35.50000E-06,+31.35678358E-03
+35.55000E-06,+32.96482377E-03
+35.60000E-06,+36.18090414E-03
+35.65000E-06,+36.98492423E-03
+35.70000E-06,+39.39698450E-03
+35.75000E-06,+41.00502469E-03
+35.80000E-06,+42.51256236E-03
+35.85000E-06,+43.41708496E-03
+35.90000E-06,+45.02512515E-03
+35.95000E-06,+46.63316533E-03
+36.00000E-06,+47.43718542E-03
+36.05000E-06,+48.34170803E-03
+36.10000E-06,+49.84924570E-03
+36.15000E-06,+50.65326579E-03
+36.20000E-06,+50.65326579E-03
+36.25000E-06,+51.45728588E-03
+36.30000E-06,+52.26130597E-03
+36.35000E-06,+53.06532606E-03
+36.40000E-06,+53.86934616E-03
+36.45000E-06,+53.86934616E-03
+36.50000E-06,+53.96984867E-03
+36.55000E-06,+53.86934616E-03
+36.60000E-06,+53.86934616E-03
+36.65000E-06,+54.67336625E-03
+36.70000E-06,+55.47738634E-03
+36.75000E-06,+54.67336625E-03
+36.80000E-06,+54.67336625E-03
+36.85000E-06,+54.67336625E-03
+36.90000E-06,+54.57286374E-03
+36.95000E-06,+54.57286374E-03
+37.00000E-06,+53.86934616E-03
+37.05000E-06,+53.06532606E-03
+37.10000E-06,+52.26130597E-03
+37.15000E-06,+52.16080346E-03
+37.20000E-06,+50.65326579E-03
+37.25000E-06,+49.84924570E-03
+37.30000E-06,+49.84924570E-03
+37.35000E-06,+49.04522561E-03
+37.40000E-06,+48.24120551E-03
+37.45000E-06,+47.33668291E-03
+37.50000E-06,+46.63316533E-03
+37.55000E-06,+45.02512515E-03
+37.60000E-06,+45.02512515E-03
+37.65000E-06,+44.12060254E-03
+37.70000E-06,+42.61306487E-03
+37.75000E-06,+42.61306487E-03
+37.80000E-06,+41.80904478E-03
+37.85000E-06,+40.20100459E-03
+37.90000E-06,+40.10050208E-03
+37.95000E-06,+38.59296441E-03
+38.00000E-06,+36.98492423E-03
+38.05000E-06,+36.18090414E-03
+38.10000E-06,+35.37688404E-03
+38.15000E-06,+34.57286395E-03
+38.20000E-06,+32.96482377E-03
+38.25000E-06,+32.86432126E-03
+38.30000E-06,+31.35678358E-03
+38.35000E-06,+30.55276349E-03
+38.40000E-06,+29.64824089E-03
+38.45000E-06,+28.94472331E-03
+38.50000E-06,+28.14070322E-03
+38.55000E-06,+27.33668312E-03
+38.60000E-06,+26.53266303E-03
+38.65000E-06,+24.92462285E-03
+38.70000E-06,+24.12060276E-03
+38.75000E-06,+22.51256257E-03
+38.80000E-06,+22.41206006E-03
+38.85000E-06,+20.90452239E-03
+38.90000E-06,+20.10050230E-03
+38.95000E-06,+19.29648221E-03
+39.00000E-06,+18.49246211E-03
+39.05000E-06,+16.88442193E-03
+39.10000E-06,+16.88442193E-03
+39.15000E-06,+15.27638175E-03
+39.20000E-06,+14.37185914E-03
+39.25000E-06,+13.66834156E-03
+39.30000E-06,+12.86432147E-03
+39.35000E-06,+11.95979887E-03
+39.40000E-06,+11.15577877E-03
+39.45000E-06,+9.64824110E-03
+39.50000E-06,+8.84422101E-03
+39.55000E-06,+8.04020092E-03
+39.60000E-06,+7.23618083E-03
+39.65000E-06,+6.43216074E-03
+39.70000E-06,+6.43216074E-03
+39.75000E-06,+5.62814064E-03
+39.80000E-06,+4.82412055E-03
+39.85000E-06,+4.82412055E-03
+39.90000E-06,+4.02010046E-03
+39.95000E-06,+3.21608037E-03
+40.00000E-06,+3.31658288E-03
+40.05000E-06,+3.21608037E-03
+40.10000E-06,+2.51256279E-03
+40.15000E-06,+1.60804018E-03
+40.20000E-06,+2.31155776E-03
+40.25000E-06,+1.60804018E-03
+40.30000E-06,+804.02009E-06
+40.35000E-06,+804.02009E-06
+40.40000E-06,+100.50251E-06
+40.45000E-06,+0.0E+00
+40.50000E-06,+0.0E+00
+40.55000E-06,-804.02009E-06
+40.60000E-06,-804.02009E-06
+40.65000E-06,-904.52260E-06
+40.70000E-06,-1.60804018E-03
+40.75000E-06,-2.31155776E-03
+40.80000E-06,-2.41206028E-03
+40.85000E-06,-3.21608037E-03
+40.90000E-06,-4.02010046E-03
+40.95000E-06,-4.02010046E-03
+41.00000E-06,-4.02010046E-03
+41.05000E-06,-4.82412055E-03
+41.10000E-06,-4.82412055E-03
+41.15000E-06,-4.82412055E-03
+41.20000E-06,-4.82412055E-03
+41.25000E-06,-4.82412055E-03
+41.30000E-06,-5.62814064E-03
+41.35000E-06,-4.82412055E-03
+41.40000E-06,-5.62814064E-03
+41.45000E-06,-4.92462306E-03
+41.50000E-06,-5.62814064E-03
+41.55000E-06,-5.62814064E-03
+41.60000E-06,-5.62814064E-03
+41.65000E-06,-6.43216074E-03
+41.70000E-06,-5.62814064E-03
+41.75000E-06,-6.43216074E-03
+41.80000E-06,-5.62814064E-03
+41.85000E-06,-6.43216074E-03
+41.90000E-06,-6.43216074E-03
+41.95000E-06,-5.62814064E-03
+42.00000E-06,-5.62814064E-03
+42.05000E-06,-5.62814064E-03
+42.10000E-06,-4.82412055E-03
+42.15000E-06,-5.62814064E-03
+42.20000E-06,-6.33165822E-03
+42.25000E-06,-5.62814064E-03
+42.30000E-06,-6.43216074E-03
+42.35000E-06,-6.43216074E-03
+42.40000E-06,-6.43216074E-03
+42.45000E-06,-5.62814064E-03
+42.50000E-06,-6.43216074E-03
+42.55000E-06,-6.43216074E-03
+42.60000E-06,-5.62814064E-03
+42.65000E-06,-5.62814064E-03
+42.70000E-06,-6.43216074E-03
+42.75000E-06,-5.62814064E-03
+42.80000E-06,-6.33165822E-03
+42.85000E-06,-5.62814064E-03
+42.90000E-06,-5.62814064E-03
+42.95000E-06,-5.62814064E-03
+43.00000E-06,-5.62814064E-03
+43.05000E-06,-5.62814064E-03
+43.10000E-06,-5.62814064E-03
+43.15000E-06,-5.62814064E-03
+43.20000E-06,-5.62814064E-03
+43.25000E-06,-5.62814064E-03
+43.30000E-06,-5.62814064E-03
+43.35000E-06,-6.43216074E-03
+43.40000E-06,-5.62814064E-03
+43.45000E-06,-5.62814064E-03
+43.50000E-06,-6.43216074E-03
+43.55000E-06,-5.62814064E-03
+43.60000E-06,-5.62814064E-03
+43.65000E-06,-5.62814064E-03
+43.70000E-06,-5.62814064E-03
+43.75000E-06,-5.62814064E-03
+43.80000E-06,-5.62814064E-03
+43.85000E-06,-5.62814064E-03
+43.90000E-06,-5.62814064E-03
+43.95000E-06,-5.62814064E-03
+44.00000E-06,-4.82412055E-03
+44.05000E-06,-4.92462306E-03
+44.10000E-06,-4.82412055E-03
+44.15000E-06,-5.62814064E-03
+44.20000E-06,-5.62814064E-03
+44.25000E-06,-4.82412055E-03
+44.30000E-06,-4.82412055E-03
+44.35000E-06,-5.62814064E-03
+44.40000E-06,-5.62814064E-03
+44.45000E-06,-4.82412055E-03
+44.50000E-06,-4.82412055E-03
+44.55000E-06,-4.82412055E-03
+44.60000E-06,-4.82412055E-03
+44.65000E-06,-4.82412055E-03
+44.70000E-06,-4.02010046E-03
+44.75000E-06,-4.82412055E-03
+44.80000E-06,-4.82412055E-03
+44.85000E-06,-4.82412055E-03
+44.90000E-06,-4.82412055E-03
+44.95000E-06,-4.82412055E-03
+45.00000E-06,-4.82412055E-03
+45.05000E-06,-4.82412055E-03
+45.10000E-06,-4.72361804E-03
+45.15000E-06,-4.02010046E-03
+45.20000E-06,-4.02010046E-03
+45.25000E-06,-3.21608037E-03
+45.30000E-06,-4.02010046E-03
+45.35000E-06,-3.21608037E-03
+45.40000E-06,-4.02010046E-03
+45.45000E-06,-3.31658288E-03
+45.50000E-06,-4.02010046E-03
+45.55000E-06,-3.21608037E-03
+45.60000E-06,-3.21608037E-03
+45.65000E-06,-3.21608037E-03
+45.70000E-06,-3.21608037E-03
+45.75000E-06,-3.21608037E-03
+45.80000E-06,-3.21608037E-03
+45.85000E-06,-3.21608037E-03
+45.90000E-06,-3.21608037E-03
+45.95000E-06,-3.21608037E-03
+46.00000E-06,-4.02010046E-03
+46.05000E-06,-3.21608037E-03
+46.10000E-06,-3.91959795E-03
+46.15000E-06,-3.21608037E-03
+46.20000E-06,-3.21608037E-03
+46.25000E-06,-3.21608037E-03
+46.30000E-06,-3.21608037E-03
+46.35000E-06,-3.21608037E-03
+46.40000E-06,-3.21608037E-03
+46.45000E-06,-3.21608037E-03
+46.50000E-06,-2.41206028E-03
+46.55000E-06,-2.41206028E-03
+46.60000E-06,-1.60804018E-03
+46.65000E-06,-1.60804018E-03
+46.70000E-06,-1.50753767E-03
+46.75000E-06,-804.02009E-06
+46.80000E-06,+0.0E+00
+46.85000E-06,+0.0E+00
+46.90000E-06,-804.02009E-06
+46.95000E-06,-804.02009E-06
+47.00000E-06,+0.0E+00
+47.05000E-06,+0.0E+00
+47.10000E-06,+0.0E+00
+47.15000E-06,+0.0E+00
+47.20000E-06,+804.02009E-06
+47.25000E-06,+0.0E+00
+47.30000E-06,+0.0E+00
+47.35000E-06,+703.51758E-06
+47.40000E-06,-703.51758E-06
+47.45000E-06,+0.0E+00
+47.50000E-06,+0.0E+00
+47.55000E-06,+0.0E+00
+47.60000E-06,+0.0E+00
+47.65000E-06,+0.0E+00
+47.70000E-06,-804.02009E-06
+47.75000E-06,-804.02009E-06
+47.80000E-06,-804.02009E-06
+47.85000E-06,-804.02009E-06
+47.90000E-06,-804.02009E-06
+47.95000E-06,-1.60804018E-03
+48.00000E-06,-1.60804018E-03
+48.05000E-06,-2.41206028E-03
+48.10000E-06,-2.41206028E-03
+48.15000E-06,-2.41206028E-03
+48.20000E-06,-3.21608037E-03
+48.25000E-06,-3.21608037E-03
+48.30000E-06,-4.02010046E-03
+48.35000E-06,-4.82412055E-03
+48.40000E-06,-5.62814064E-03
+48.45000E-06,-7.23618083E-03
+48.50000E-06,-8.04020092E-03
+48.55000E-06,-8.04020092E-03
+48.60000E-06,-8.74371850E-03
+48.65000E-06,-8.84422101E-03
+48.70000E-06,-9.64824110E-03
+48.75000E-06,-10.45226119E-03
+48.80000E-06,-11.25628129E-03
+48.85000E-06,-12.06030138E-03
+48.90000E-06,-12.86432147E-03
+48.95000E-06,-13.66834156E-03
+49.00000E-06,-14.47236165E-03
+49.05000E-06,-14.47236165E-03
+49.10000E-06,-15.27638175E-03
+49.15000E-06,-16.08040184E-03
+49.20000E-06,-16.88442193E-03
+49.25000E-06,-17.68844202E-03
+49.30000E-06,-17.68844202E-03
+49.35000E-06,-18.49246211E-03
+49.40000E-06,-18.49246211E-03
+49.45000E-06,-19.29648221E-03
+49.50000E-06,-20.10050230E-03
+49.55000E-06,-20.10050230E-03
+49.60000E-06,-20.90452239E-03
+49.65000E-06,-21.70854248E-03
+49.70000E-06,-21.70854248E-03
+49.75000E-06,-21.70854248E-03
+49.80000E-06,-23.31658266E-03
+49.85000E-06,-22.51256257E-03
+49.90000E-06,-23.21608015E-03
+49.95000E-06,-23.31658266E-03
+50.00000E-06,-23.31658266E-03
+50.05000E-06,-23.31658266E-03
+50.10000E-06,-23.31658266E-03
+50.15000E-06,-24.12060276E-03
+50.20000E-06,-23.31658266E-03
+50.25000E-06,-22.51256257E-03
+50.30000E-06,-23.31658266E-03
+50.35000E-06,-22.61306508E-03
+50.40000E-06,-22.51256257E-03
+50.45000E-06,-22.51256257E-03
+50.50000E-06,-22.51256257E-03
+50.55000E-06,-21.70854248E-03
+50.60000E-06,-20.90452239E-03
+50.65000E-06,-20.90452239E-03
+50.70000E-06,-20.80401988E-03
+50.75000E-06,-19.29648221E-03
+50.80000E-06,-19.29648221E-03
+50.85000E-06,-18.49246211E-03
+50.90000E-06,-18.39195960E-03
+50.95000E-06,-17.68844202E-03
+51.00000E-06,-16.88442193E-03
+51.05000E-06,-15.97989933E-03
+51.10000E-06,-15.27638175E-03
+51.15000E-06,-14.47236165E-03
+51.20000E-06,-12.86432147E-03
+51.25000E-06,-12.06030138E-03
+51.30000E-06,-10.45226119E-03
+51.35000E-06,-9.64824110E-03
+51.40000E-06,-8.84422101E-03
+51.45000E-06,-7.23618083E-03
+51.50000E-06,-7.23618083E-03
+51.55000E-06,-5.52763813E-03
+51.60000E-06,-4.82412055E-03
+51.65000E-06,-3.21608037E-03
+51.70000E-06,-2.41206028E-03
+51.75000E-06,-804.02009E-06
+51.80000E-06,+0.0E+00
+51.85000E-06,+804.02009E-06
+51.90000E-06,+2.41206028E-03
+51.95000E-06,+3.91959795E-03
+52.00000E-06,+4.02010046E-03
+52.05000E-06,+5.62814064E-03
+52.10000E-06,+6.43216074E-03
+52.15000E-06,+8.04020092E-03
+52.20000E-06,+8.84422101E-03
+52.25000E-06,+9.64824110E-03
+52.30000E-06,+11.25628129E-03
+52.35000E-06,+12.06030138E-03
+52.40000E-06,+13.56783905E-03
+52.45000E-06,+14.47236165E-03
+52.50000E-06,+15.27638175E-03
+52.55000E-06,+16.08040184E-03
+52.60000E-06,+16.88442193E-03
+52.65000E-06,+18.49246211E-03
+52.70000E-06,+18.59296463E-03
+52.75000E-06,+20.10050230E-03
+52.80000E-06,+20.90452239E-03
+52.85000E-06,+21.70854248E-03
+52.90000E-06,+22.51256257E-03
+52.95000E-06,+23.31658266E-03
+53.00000E-06,+23.41708518E-03
+53.05000E-06,+24.82412034E-03
+53.10000E-06,+24.92462285E-03
+53.15000E-06,+25.02512536E-03
+53.20000E-06,+25.72864294E-03
+53.25000E-06,+26.53266303E-03
+53.30000E-06,+26.53266303E-03
+53.35000E-06,+26.53266303E-03
+53.40000E-06,+27.33668312E-03
+53.45000E-06,+28.14070322E-03
+53.50000E-06,+28.14070322E-03
+53.55000E-06,+28.94472331E-03
+53.60000E-06,+29.74874340E-03
+53.65000E-06,+29.74874340E-03
+53.70000E-06,+29.74874340E-03
+53.75000E-06,+30.55276349E-03
+53.80000E-06,+30.55276349E-03
+53.85000E-06,+31.35678358E-03
+53.90000E-06,+30.55276349E-03
+53.95000E-06,+30.55276349E-03
+54.00000E-06,+30.55276349E-03
+54.05000E-06,+31.25628107E-03
+54.10000E-06,+31.35678358E-03
+54.15000E-06,+31.35678358E-03
+54.20000E-06,+31.35678358E-03
+54.25000E-06,+31.35678358E-03
+54.30000E-06,+31.35678358E-03
+54.35000E-06,+32.06030116E-03
+54.40000E-06,+31.35678358E-03
+54.45000E-06,+31.35678358E-03
+54.50000E-06,+31.35678358E-03
+54.55000E-06,+30.55276349E-03
+54.60000E-06,+30.65326600E-03
+54.65000E-06,+30.55276349E-03
+54.70000E-06,+30.55276349E-03
+54.75000E-06,+29.74874340E-03
+54.80000E-06,+29.04522582E-03
+54.85000E-06,+28.94472331E-03
+54.90000E-06,+28.24120573E-03
+54.95000E-06,+28.14070322E-03
+55.00000E-06,+27.33668312E-03
+55.05000E-06,+27.33668312E-03
+55.10000E-06,+26.53266303E-03
+55.15000E-06,+26.53266303E-03
+55.20000E-06,+26.43216052E-03
+55.25000E-06,+26.53266303E-03
+55.30000E-06,+25.72864294E-03
+55.35000E-06,+24.92462285E-03
+55.40000E-06,+24.92462285E-03
+55.45000E-06,+24.12060276E-03
+55.50000E-06,+24.12060276E-03
+55.55000E-06,+24.12060276E-03
+55.60000E-06,+23.31658266E-03
+55.65000E-06,+22.51256257E-03
+55.70000E-06,+22.51256257E-03
+55.75000E-06,+22.51256257E-03
+55.80000E-06,+21.70854248E-03
+55.85000E-06,+21.70854248E-03
+55.90000E-06,+20.10050230E-03
+55.95000E-06,+20.80401988E-03
+56.00000E-06,+19.29648221E-03
+56.05000E-06,+19.29648221E-03
+56.10000E-06,+18.49246211E-03
+56.15000E-06,+18.49246211E-03
+56.20000E-06,+17.68844202E-03
+56.25000E-06,+17.68844202E-03
+56.30000E-06,+16.88442193E-03
+56.35000E-06,+16.88442193E-03
+56.40000E-06,+15.37688426E-03
+56.45000E-06,+15.17587923E-03
+56.50000E-06,+15.27638175E-03
+56.55000E-06,+13.66834156E-03
+56.60000E-06,+13.66834156E-03
+56.65000E-06,+13.66834156E-03
+56.70000E-06,+12.86432147E-03
+56.75000E-06,+12.86432147E-03
+56.80000E-06,+12.86432147E-03
+56.85000E-06,+12.86432147E-03
+56.90000E-06,+12.06030138E-03
+56.95000E-06,+12.06030138E-03
+57.00000E-06,+11.25628129E-03
+57.05000E-06,+11.25628129E-03
+57.10000E-06,+10.45226119E-03
+57.15000E-06,+10.45226119E-03
+57.20000E-06,+10.45226119E-03
+57.25000E-06,+10.45226119E-03
+57.30000E-06,+9.64824110E-03
+57.35000E-06,+9.64824110E-03
+57.40000E-06,+8.84422101E-03
+57.45000E-06,+9.64824110E-03
+57.50000E-06,+8.14070343E-03
+57.55000E-06,+8.04020092E-03
+57.60000E-06,+7.93969841E-03
+57.65000E-06,+7.23618083E-03
+57.70000E-06,+6.53266325E-03
+57.75000E-06,+6.43216074E-03
+57.80000E-06,+6.43216074E-03
+57.85000E-06,+6.43216074E-03
+57.90000E-06,+5.62814064E-03
+57.95000E-06,+5.52763813E-03
+58.00000E-06,+4.82412055E-03
+58.05000E-06,+4.02010046E-03
+58.10000E-06,+3.21608037E-03
+58.15000E-06,+3.21608037E-03
+58.20000E-06,+3.21608037E-03
+58.25000E-06,+2.41206028E-03
+58.30000E-06,+2.41206028E-03
+58.35000E-06,+1.70854270E-03
+58.40000E-06,+2.41206028E-03
+58.45000E-06,+1.60804018E-03
+58.50000E-06,+1.60804018E-03
+58.55000E-06,+2.41206028E-03
+58.60000E-06,+1.60804018E-03
+58.65000E-06,+1.60804018E-03
+58.70000E-06,+1.60804018E-03
+58.75000E-06,+1.60804018E-03
+58.80000E-06,+1.60804018E-03
+58.85000E-06,+804.02009E-06
+58.90000E-06,+804.02009E-06
+58.95000E-06,+804.02009E-06
+59.00000E-06,+100.50251E-06
+59.05000E-06,+1.60804018E-03
+59.10000E-06,+804.02009E-06
+59.15000E-06,+0.0E+00
+59.20000E-06,+0.0E+00
+59.25000E-06,+0.0E+00
+59.30000E-06,-703.51758E-06
+59.35000E-06,-804.02009E-06
+59.40000E-06,-804.02009E-06
+59.45000E-06,-804.02009E-06
+59.50000E-06,-804.02009E-06
+59.55000E-06,-804.02009E-06
+59.60000E-06,-804.02009E-06
+59.65000E-06,-804.02009E-06
+59.70000E-06,-1.60804018E-03
+59.75000E-06,-804.02009E-06
+59.80000E-06,-804.02009E-06
+59.85000E-06,-804.02009E-06
+59.90000E-06,-804.02009E-06
+59.95000E-06,-804.02009E-06
+60.00000E-06,-804.02009E-06
+60.05000E-06,-804.02009E-06
+60.10000E-06,-804.02009E-06
+60.15000E-06,-1.60804018E-03
+60.20000E-06,-904.52260E-06
+60.25000E-06,-804.02009E-06
+60.30000E-06,-804.02009E-06
+60.35000E-06,-804.02009E-06
+60.40000E-06,-804.02009E-06
+60.45000E-06,-904.52260E-06
+60.50000E-06,-804.02009E-06
+60.55000E-06,+0.0E+00
+60.60000E-06,-1.60804018E-03
+60.65000E-06,-804.02009E-06
+60.70000E-06,-804.02009E-06
+60.75000E-06,-1.60804018E-03
+60.80000E-06,-1.60804018E-03
+60.85000E-06,-804.02009E-06
+60.90000E-06,-804.02009E-06
+60.95000E-06,-804.02009E-06
+61.00000E-06,-804.02009E-06
+61.05000E-06,-804.02009E-06
+61.10000E-06,-804.02009E-06
+61.15000E-06,-804.02009E-06
+61.20000E-06,+0.0E+00
+61.25000E-06,+0.0E+00
+61.30000E-06,+0.0E+00
+61.35000E-06,-703.51758E-06
+61.40000E-06,+0.0E+00
+61.45000E-06,-100.50251E-06
+61.50000E-06,+0.0E+00
+61.55000E-06,-703.51758E-06
+61.60000E-06,-804.02009E-06
+61.65000E-06,+0.0E+00
+61.70000E-06,-804.02009E-06
+61.75000E-06,+0.0E+00
+61.80000E-06,-804.02009E-06
+61.85000E-06,-804.02009E-06
+61.90000E-06,-804.02009E-06
+61.95000E-06,-1.60804018E-03
+62.00000E-06,-1.60804018E-03
+62.05000E-06,-1.60804018E-03
+62.10000E-06,-2.41206028E-03
+62.15000E-06,-2.41206028E-03
+62.20000E-06,-2.41206028E-03
+62.25000E-06,-2.41206028E-03
+62.30000E-06,-2.41206028E-03
+62.35000E-06,-2.41206028E-03
+62.40000E-06,-2.41206028E-03
+62.45000E-06,-2.41206028E-03
+62.50000E-06,-2.31155776E-03
+62.55000E-06,-2.41206028E-03
+62.60000E-06,-1.60804018E-03
+62.65000E-06,-1.60804018E-03
+62.70000E-06,-2.41206028E-03
+62.75000E-06,-804.02009E-06
+62.80000E-06,-804.02009E-06
+62.85000E-06,-804.02009E-06
+62.90000E-06,-804.02009E-06
+62.95000E-06,-804.02009E-06
+63.00000E-06,-804.02009E-06
+63.05000E-06,-804.02009E-06
+63.10000E-06,-804.02009E-06
+63.15000E-06,-804.02009E-06
+63.20000E-06,-804.02009E-06
+63.25000E-06,+0.0E+00
+63.30000E-06,+0.0E+00
+63.35000E-06,-100.50251E-06
+63.40000E-06,-100.50251E-06
+63.45000E-06,-804.02009E-06
+63.50000E-06,-804.02009E-06
+63.55000E-06,-804.02009E-06
+63.60000E-06,+0.0E+00
+63.65000E-06,-703.51758E-06
+63.70000E-06,+0.0E+00
+63.75000E-06,+0.0E+00
+63.80000E-06,+0.0E+00
+63.85000E-06,+0.0E+00
+63.90000E-06,+0.0E+00
+63.95000E-06,+0.0E+00
+64.00000E-06,+0.0E+00
+64.05000E-06,+0.0E+00
+64.10000E-06,+0.0E+00
+64.15000E-06,+0.0E+00
+64.20000E-06,+0.0E+00
+64.25000E-06,+0.0E+00
+64.30000E-06,-804.02009E-06
+64.35000E-06,+0.0E+00
+64.40000E-06,+0.0E+00
+64.45000E-06,+0.0E+00
+64.50000E-06,-804.02009E-06
+64.55000E-06,+0.0E+00
+64.60000E-06,-703.51758E-06
+64.65000E-06,-804.02009E-06
+64.70000E-06,-804.02009E-06
+64.75000E-06,+0.0E+00
+64.80000E-06,-804.02009E-06
+64.85000E-06,-804.02009E-06
+64.90000E-06,+0.0E+00
+64.95000E-06,+0.0E+00
+65.00000E-06,+0.0E+00
+65.05000E-06,-804.02009E-06
+65.10000E-06,+0.0E+00
+65.15000E-06,+0.0E+00
+65.20000E-06,+0.0E+00
+65.25000E-06,+0.0E+00
+65.30000E-06,+0.0E+00
+65.35000E-06,+703.51758E-06
+65.40000E-06,+804.02009E-06
+65.45000E-06,+0.0E+00
+65.50000E-06,+804.02009E-06
+65.55000E-06,+1.60804018E-03
+65.60000E-06,+100.50251E-06
+65.65000E-06,+703.51758E-06
+65.70000E-06,+0.0E+00
+65.75000E-06,-703.51758E-06
+65.80000E-06,-804.02009E-06
+65.85000E-06,+0.0E+00
+65.90000E-06,-804.02009E-06
+65.95000E-06,-804.02009E-06
+66.00000E-06,-804.02009E-06
+66.05000E-06,-804.02009E-06
+66.10000E-06,-703.51758E-06
+66.15000E-06,-804.02009E-06
+66.20000E-06,-804.02009E-06
+66.25000E-06,-804.02009E-06
+66.30000E-06,-804.02009E-06
+66.35000E-06,-100.50251E-06
+66.40000E-06,-804.02009E-06
+66.45000E-06,-703.51758E-06
+66.50000E-06,+0.0E+00
+66.55000E-06,+0.0E+00
+66.60000E-06,+0.0E+00
+66.65000E-06,+0.0E+00
+66.70000E-06,+804.02009E-06
+66.75000E-06,+0.0E+00
+66.80000E-06,+0.0E+00
+66.85000E-06,+0.0E+00
+66.90000E-06,+0.0E+00
+66.95000E-06,+804.02009E-06
+67.00000E-06,+804.02009E-06
+67.05000E-06,+703.51758E-06
+67.10000E-06,+804.02009E-06
+67.15000E-06,+1.60804018E-03
+67.20000E-06,+0.0E+00
+67.25000E-06,+804.02009E-06
+67.30000E-06,+804.02009E-06
+67.35000E-06,+0.0E+00
+67.40000E-06,+804.02009E-06
+67.45000E-06,+0.0E+00
+67.50000E-06,+804.02009E-06
+67.55000E-06,+703.51758E-06
+67.60000E-06,+804.02009E-06
+67.65000E-06,+904.52260E-06
+67.70000E-06,+904.52260E-06
+67.75000E-06,+804.02009E-06
+67.80000E-06,+1.60804018E-03
+67.85000E-06,+1.60804018E-03
+67.90000E-06,+1.60804018E-03
+67.95000E-06,+1.60804018E-03
+68.00000E-06,+1.60804018E-03
+68.05000E-06,+1.50753767E-03
+68.10000E-06,+804.02009E-06
+68.15000E-06,+804.02009E-06
+68.20000E-06,-100.50251E-06
+68.25000E-06,-804.02009E-06
+68.30000E-06,-703.51758E-06
+68.35000E-06,-804.02009E-06
+68.40000E-06,-904.52260E-06
+68.45000E-06,-1.60804018E-03
+68.50000E-06,-804.02009E-06
+68.55000E-06,-1.60804018E-03
+68.60000E-06,-1.60804018E-03
+68.65000E-06,-1.60804018E-03
+68.70000E-06,-1.70854270E-03
+68.75000E-06,-1.60804018E-03
+68.80000E-06,-1.60804018E-03
+68.85000E-06,-1.60804018E-03
+68.90000E-06,-1.60804018E-03
+68.95000E-06,-2.41206028E-03
+69.00000E-06,-1.60804018E-03
+69.05000E-06,-1.60804018E-03
+69.10000E-06,-1.60804018E-03
+69.15000E-06,-1.60804018E-03
+69.20000E-06,-1.70854270E-03
+69.25000E-06,-1.60804018E-03
+69.30000E-06,-2.41206028E-03
+69.35000E-06,-2.41206028E-03
+69.40000E-06,-3.21608037E-03
+69.45000E-06,-3.11557786E-03
+69.50000E-06,-4.02010046E-03
+69.55000E-06,-3.31658288E-03
+69.60000E-06,-4.02010046E-03
+69.65000E-06,-4.02010046E-03
+69.70000E-06,-4.82412055E-03
+69.75000E-06,-4.82412055E-03
+69.80000E-06,-4.82412055E-03
+69.85000E-06,-4.82412055E-03
+69.90000E-06,-4.82412055E-03
+69.95000E-06,-4.82412055E-03
+70.00000E-06,-5.62814064E-03
+70.05000E-06,-6.43216074E-03
+70.10000E-06,-6.43216074E-03
+70.15000E-06,-7.23618083E-03
+70.20000E-06,-7.33668334E-03
+70.25000E-06,-8.04020092E-03
+70.30000E-06,-8.04020092E-03
+70.35000E-06,-8.04020092E-03
+70.40000E-06,-8.04020092E-03
+70.45000E-06,-8.84422101E-03
+70.50000E-06,-8.84422101E-03
+70.55000E-06,-9.64824110E-03
+70.60000E-06,-9.64824110E-03
+70.65000E-06,-9.64824110E-03
+70.70000E-06,-9.64824110E-03
+70.75000E-06,-9.64824110E-03
+70.80000E-06,-9.64824110E-03
+70.85000E-06,-8.84422101E-03
+70.90000E-06,-9.64824110E-03
+70.95000E-06,-10.45226119E-03
+71.00000E-06,-9.64824110E-03
+71.05000E-06,-10.45226119E-03
+71.10000E-06,-10.45226119E-03
+71.15000E-06,-10.45226119E-03
+71.20000E-06,-10.45226119E-03
+71.25000E-06,-11.25628129E-03
+71.30000E-06,-11.25628129E-03
+71.35000E-06,-11.95979887E-03
+71.40000E-06,-12.06030138E-03
+71.45000E-06,-12.06030138E-03
+71.50000E-06,-11.35678380E-03
+71.55000E-06,-12.06030138E-03
+71.60000E-06,-12.06030138E-03
+71.65000E-06,-12.86432147E-03
+71.70000E-06,-12.96482398E-03
+71.75000E-06,-12.86432147E-03
+71.80000E-06,-12.86432147E-03
+71.85000E-06,-12.86432147E-03
+71.90000E-06,-12.86432147E-03
+71.95000E-06,-12.86432147E-03
+72.00000E-06,-12.86432147E-03
+72.05000E-06,-12.76381896E-03
+72.10000E-06,-12.06030138E-03
+72.15000E-06,-12.16080389E-03
+72.20000E-06,-13.66834156E-03
+72.25000E-06,-12.96482398E-03
+72.30000E-06,-13.66834156E-03
+72.35000E-06,-13.66834156E-03
+72.40000E-06,-13.56783905E-03
+72.45000E-06,-12.86432147E-03
+72.50000E-06,-12.86432147E-03
+72.55000E-06,-12.86432147E-03
+72.60000E-06,-13.66834156E-03
+72.65000E-06,-13.66834156E-03
+72.70000E-06,-12.86432147E-03
+72.75000E-06,-12.96482398E-03
+72.80000E-06,-12.86432147E-03
+72.85000E-06,-13.66834156E-03
+72.90000E-06,-12.86432147E-03
+72.95000E-06,-12.86432147E-03
+73.00000E-06,-12.86432147E-03
+73.05000E-06,-12.16080389E-03
+73.10000E-06,-12.06030138E-03
+73.15000E-06,-12.06030138E-03
+73.20000E-06,-12.06030138E-03
+73.25000E-06,-11.35678380E-03
+73.30000E-06,-11.35678380E-03
+73.35000E-06,-11.25628129E-03
+73.40000E-06,-11.25628129E-03
+73.45000E-06,-10.55276371E-03
+73.50000E-06,-11.25628129E-03
+73.55000E-06,-10.45226119E-03
+73.60000E-06,-9.64824110E-03
+73.65000E-06,-9.64824110E-03
+73.70000E-06,-9.64824110E-03
+73.75000E-06,-8.84422101E-03
+73.80000E-06,-8.04020092E-03
+73.85000E-06,-7.23618083E-03
+73.90000E-06,-6.43216074E-03
+73.95000E-06,-6.33165822E-03
+74.00000E-06,-5.62814064E-03
+74.05000E-06,-4.82412055E-03
+74.10000E-06,-4.72361804E-03
+74.15000E-06,-4.02010046E-03
+74.20000E-06,-3.21608037E-03
+74.25000E-06,-2.41206028E-03
+74.30000E-06,-1.60804018E-03
+74.35000E-06,-804.02009E-06
+74.40000E-06,+0.0E+00
+74.45000E-06,+100.50251E-06
+74.50000E-06,+1.60804018E-03
+74.55000E-06,+1.60804018E-03
+74.60000E-06,+2.41206028E-03
+74.65000E-06,+4.02010046E-03
+74.70000E-06,+4.02010046E-03
+74.75000E-06,+4.82412055E-03
+74.80000E-06,+5.72864316E-03
+74.85000E-06,+6.43216074E-03
+74.90000E-06,+8.04020092E-03
+74.95000E-06,+8.14070343E-03
+75.00000E-06,+8.84422101E-03
+75.05000E-06,+9.64824110E-03
+75.10000E-06,+10.45226119E-03
+75.15000E-06,+11.25628129E-03
+75.20000E-06,+12.06030138E-03
+75.25000E-06,+12.86432147E-03
+75.30000E-06,+12.86432147E-03
+75.35000E-06,+13.66834156E-03
+75.40000E-06,+14.47236165E-03
+75.45000E-06,+15.27638175E-03
+75.50000E-06,+16.88442193E-03
+75.55000E-06,+17.68844202E-03
+75.60000E-06,+17.78894453E-03
+75.65000E-06,+19.29648221E-03
+75.70000E-06,+19.29648221E-03
+75.75000E-06,+20.10050230E-03
+75.80000E-06,+20.90452239E-03
+75.85000E-06,+21.70854248E-03
+75.90000E-06,+22.51256257E-03
+75.95000E-06,+22.51256257E-03
+76.00000E-06,+23.31658266E-03
+76.05000E-06,+23.41708518E-03
+76.10000E-06,+24.12060276E-03
+76.15000E-06,+24.92462285E-03
+76.20000E-06,+25.72864294E-03
+76.25000E-06,+26.43216052E-03
+76.30000E-06,+27.23618061E-03
+76.35000E-06,+26.53266303E-03
+76.40000E-06,+26.53266303E-03
+76.45000E-06,+28.04020070E-03
+76.50000E-06,+28.14070322E-03
+76.55000E-06,+27.43718564E-03
+76.60000E-06,+28.94472331E-03
+76.65000E-06,+28.94472331E-03
+76.70000E-06,+28.94472331E-03
+76.75000E-06,+28.94472331E-03
+76.80000E-06,+28.94472331E-03
+76.85000E-06,+28.94472331E-03
+76.90000E-06,+28.94472331E-03
+76.95000E-06,+29.74874340E-03
+77.00000E-06,+29.74874340E-03
+77.05000E-06,+28.94472331E-03
+77.10000E-06,+28.94472331E-03
+77.15000E-06,+28.94472331E-03
+77.20000E-06,+28.94472331E-03
+77.25000E-06,+28.94472331E-03
+77.30000E-06,+28.14070322E-03
+77.35000E-06,+28.14070322E-03
+77.40000E-06,+28.84422080E-03
+77.45000E-06,+28.14070322E-03
+77.50000E-06,+28.14070322E-03
+77.55000E-06,+27.33668312E-03
+77.60000E-06,+28.14070322E-03
+77.65000E-06,+27.33668312E-03
+77.70000E-06,+26.53266303E-03
+77.75000E-06,+26.53266303E-03
+77.80000E-06,+25.72864294E-03
+77.85000E-06,+25.72864294E-03
+77.90000E-06,+24.92462285E-03
+77.95000E-06,+24.92462285E-03
+78.00000E-06,+24.12060276E-03
+78.05000E-06,+24.12060276E-03
+78.10000E-06,+24.12060276E-03
+78.15000E-06,+23.31658266E-03
+78.20000E-06,+23.31658266E-03
+78.25000E-06,+22.51256257E-03
+78.30000E-06,+22.51256257E-03
+78.35000E-06,+22.51256257E-03
+78.40000E-06,+22.51256257E-03
+78.45000E-06,+21.70854248E-03
+78.50000E-06,+21.70854248E-03
+78.55000E-06,+20.90452239E-03
+78.60000E-06,+20.90452239E-03
+78.65000E-06,+20.90452239E-03
+78.70000E-06,+20.90452239E-03
+78.75000E-06,+20.10050230E-03
+78.80000E-06,+19.29648221E-03
+78.85000E-06,+19.19597969E-03
+78.90000E-06,+18.59296463E-03
+78.95000E-06,+18.49246211E-03
+79.00000E-06,+18.49246211E-03
+79.05000E-06,+18.39195960E-03
+79.10000E-06,+17.68844202E-03
+79.15000E-06,+16.88442193E-03
+79.20000E-06,+16.88442193E-03
+79.25000E-06,+16.88442193E-03
+79.30000E-06,+16.08040184E-03
+79.35000E-06,+15.27638175E-03
+79.40000E-06,+14.47236165E-03
+79.45000E-06,+14.47236165E-03
+79.50000E-06,+13.66834156E-03
+79.55000E-06,+13.66834156E-03
+79.60000E-06,+12.86432147E-03
+79.65000E-06,+12.86432147E-03
+79.70000E-06,+12.06030138E-03
+79.75000E-06,+12.06030138E-03
+79.80000E-06,+11.95979887E-03
+79.85000E-06,+12.06030138E-03
+79.90000E-06,+10.55276371E-03
+79.95000E-06,+10.45226119E-03
+80.00000E-06,+10.45226119E-03
+80.05000E-06,+10.55276371E-03
+80.10000E-06,+9.64824110E-03
+80.15000E-06,+9.64824110E-03
+80.20000E-06,+8.84422101E-03
+80.25000E-06,+8.14070343E-03
+80.30000E-06,+8.04020092E-03
+80.35000E-06,+7.23618083E-03
+80.40000E-06,+7.23618083E-03
+80.45000E-06,+6.43216074E-03
+80.50000E-06,+7.23618083E-03
+80.55000E-06,+5.62814064E-03
+80.60000E-06,+5.62814064E-03
+80.65000E-06,+5.62814064E-03
+80.70000E-06,+4.92462306E-03
+80.75000E-06,+4.82412055E-03
+80.80000E-06,+4.82412055E-03
+80.85000E-06,+4.82412055E-03
+80.90000E-06,+4.02010046E-03
+80.95000E-06,+4.02010046E-03
+81.00000E-06,+3.21608037E-03
+81.05000E-06,+2.51256279E-03
+81.10000E-06,+3.21608037E-03
+81.15000E-06,+3.11557786E-03
+81.20000E-06,+2.41206028E-03
+81.25000E-06,+3.11557786E-03
+81.30000E-06,+2.41206028E-03
+81.35000E-06,+2.41206028E-03
+81.40000E-06,+2.31155776E-03
+81.45000E-06,+2.41206028E-03
+81.50000E-06,+1.60804018E-03
+81.55000E-06,+1.60804018E-03
+81.60000E-06,+1.50753767E-03
+81.65000E-06,+904.52260E-06
+81.70000E-06,+804.02009E-06
+81.75000E-06,+804.02009E-06
+81.80000E-06,+804.02009E-06
+81.85000E-06,+804.02009E-06
+81.90000E-06,+0.0E+00
+81.95000E-06,+804.02009E-06
+82.00000E-06,+804.02009E-06
+82.05000E-06,+804.02009E-06
+82.10000E-06,+100.50251E-06
+82.15000E-06,+804.02009E-06
+82.20000E-06,+804.02009E-06
+82.25000E-06,+804.02009E-06
+82.30000E-06,+100.50251E-06
+82.35000E-06,+0.0E+00
+82.40000E-06,+0.0E+00
+82.45000E-06,+0.0E+00
+82.50000E-06,+0.0E+00
+82.55000E-06,-100.50251E-06
+82.60000E-06,-804.02009E-06
+82.65000E-06,-804.02009E-06
+82.70000E-06,-804.02009E-06
+82.75000E-06,-804.02009E-06
+82.80000E-06,-804.02009E-06
+82.85000E-06,-804.02009E-06
+82.90000E-06,-804.02009E-06
+82.95000E-06,-804.02009E-06
+83.00000E-06,-1.50753767E-03
+83.05000E-06,-1.60804018E-03
+83.10000E-06,-1.60804018E-03
+83.15000E-06,-1.60804018E-03
+83.20000E-06,-1.60804018E-03
+83.25000E-06,-2.41206028E-03
+83.30000E-06,-2.41206028E-03
+83.35000E-06,-2.41206028E-03
+83.40000E-06,-2.41206028E-03
+83.45000E-06,-2.31155776E-03
+83.50000E-06,-1.60804018E-03
+83.55000E-06,-1.60804018E-03
+83.60000E-06,-1.60804018E-03
+83.65000E-06,-2.41206028E-03
+83.70000E-06,-2.41206028E-03
+83.75000E-06,-1.70854270E-03
+83.80000E-06,-2.41206028E-03
+83.85000E-06,-1.60804018E-03
+83.90000E-06,-2.41206028E-03
+83.95000E-06,-2.41206028E-03
+84.00000E-06,-1.60804018E-03
+84.05000E-06,-1.60804018E-03
+84.10000E-06,-1.60804018E-03
+84.15000E-06,-1.60804018E-03
+84.20000E-06,-804.02009E-06
+84.25000E-06,-1.60804018E-03
+84.30000E-06,-804.02009E-06
+84.35000E-06,-804.02009E-06
+84.40000E-06,-804.02009E-06
+84.45000E-06,-904.52260E-06
+84.50000E-06,-100.50251E-06
+84.55000E-06,-804.02009E-06
+84.60000E-06,-804.02009E-06
+84.65000E-06,-804.02009E-06
+84.70000E-06,-804.02009E-06
+84.75000E-06,-703.51758E-06
+84.80000E-06,+0.0E+00
+84.85000E-06,-804.02009E-06
+84.90000E-06,-804.02009E-06
+84.95000E-06,-804.02009E-06
+85.00000E-06,-100.50251E-06
+85.05000E-06,-804.02009E-06
+85.10000E-06,-804.02009E-06
+85.15000E-06,-904.52260E-06
+85.20000E-06,-1.50753767E-03
+85.25000E-06,-1.60804018E-03
+85.30000E-06,-1.50753767E-03
+85.35000E-06,-1.60804018E-03
+85.40000E-06,-1.70854270E-03
+85.45000E-06,-2.51256279E-03
+85.50000E-06,-1.60804018E-03
+85.55000E-06,-2.41206028E-03
+85.60000E-06,-2.41206028E-03
+85.65000E-06,-2.41206028E-03
+85.70000E-06,-2.41206028E-03
+85.75000E-06,-2.41206028E-03
+85.80000E-06,-2.41206028E-03
+85.85000E-06,-2.41206028E-03
+85.90000E-06,-1.70854270E-03
+85.95000E-06,-2.41206028E-03
+86.00000E-06,-2.31155776E-03
+86.05000E-06,-1.60804018E-03
+86.10000E-06,-2.41206028E-03
+86.15000E-06,-2.41206028E-03
+86.20000E-06,-2.41206028E-03
+86.25000E-06,-2.41206028E-03
+86.30000E-06,-2.31155776E-03
+86.35000E-06,-2.31155776E-03
+86.40000E-06,-2.41206028E-03
+86.45000E-06,-2.51256279E-03
+86.50000E-06,-2.41206028E-03
+86.55000E-06,-3.21608037E-03
+86.60000E-06,-2.41206028E-03
+86.65000E-06,-4.02010046E-03
+86.70000E-06,-4.02010046E-03
+86.75000E-06,-4.12060297E-03
+86.80000E-06,-4.82412055E-03
+86.85000E-06,-4.92462306E-03
+86.90000E-06,-5.62814064E-03
+86.95000E-06,-5.62814064E-03
+87.00000E-06,-5.62814064E-03
+87.05000E-06,-5.62814064E-03
+87.10000E-06,-6.43216074E-03
+87.15000E-06,-6.43216074E-03
+87.20000E-06,-6.43216074E-03
+87.25000E-06,-6.43216074E-03
+87.30000E-06,-6.33165822E-03
+87.35000E-06,-6.43216074E-03
+87.40000E-06,-7.23618083E-03
+87.45000E-06,-6.43216074E-03
+87.50000E-06,-6.43216074E-03
+87.55000E-06,-6.43216074E-03
+87.60000E-06,-6.43216074E-03
+87.65000E-06,-6.43216074E-03
+87.70000E-06,-6.43216074E-03
+87.75000E-06,-6.33165822E-03
+87.80000E-06,-7.23618083E-03
+87.85000E-06,-7.33668334E-03
+87.90000E-06,-7.23618083E-03
+87.95000E-06,-7.23618083E-03
+88.00000E-06,-8.84422101E-03
+88.05000E-06,-8.04020092E-03
+88.10000E-06,-8.84422101E-03
+88.15000E-06,-8.84422101E-03
+88.20000E-06,-9.64824110E-03
+88.25000E-06,-9.54773859E-03
+88.30000E-06,-8.94472352E-03
+88.35000E-06,-9.64824110E-03
+88.40000E-06,-9.64824110E-03
+88.45000E-06,-9.64824110E-03
+88.50000E-06,-9.64824110E-03
+88.55000E-06,-9.64824110E-03
+88.60000E-06,-9.74874361E-03
+88.65000E-06,-9.64824110E-03
+88.70000E-06,-8.84422101E-03
+88.75000E-06,-9.64824110E-03
+88.80000E-06,-10.45226119E-03
+88.85000E-06,-10.45226119E-03
+88.90000E-06,-10.45226119E-03
+88.95000E-06,-10.55276371E-03
+89.00000E-06,-11.25628129E-03
+89.05000E-06,-11.25628129E-03
+89.10000E-06,-11.25628129E-03
+89.15000E-06,-10.55276371E-03
+89.20000E-06,-11.25628129E-03
+89.25000E-06,-12.06030138E-03
+89.30000E-06,-12.06030138E-03
+89.35000E-06,-12.06030138E-03
+89.40000E-06,-12.06030138E-03
+89.45000E-06,-12.86432147E-03
+89.50000E-06,-12.86432147E-03
+89.55000E-06,-12.06030138E-03
+89.60000E-06,-12.06030138E-03
+89.65000E-06,-12.06030138E-03
+89.70000E-06,-12.76381896E-03
+89.75000E-06,-11.95979887E-03
+89.80000E-06,-11.25628129E-03
+89.85000E-06,-11.25628129E-03
+89.90000E-06,-11.25628129E-03
+89.95000E-06,-11.25628129E-03
+90.00000E-06,-11.25628129E-03
+90.05000E-06,-11.25628129E-03
+90.10000E-06,-9.74874361E-03
+90.15000E-06,-10.35175868E-03
+90.20000E-06,-9.64824110E-03
+90.25000E-06,-10.45226119E-03
+90.30000E-06,-10.45226119E-03
+90.35000E-06,-9.64824110E-03
+90.40000E-06,-9.64824110E-03
+90.45000E-06,-8.84422101E-03
+90.50000E-06,-9.54773859E-03
+90.55000E-06,-9.54773859E-03
+90.60000E-06,-8.84422101E-03
+90.65000E-06,-8.04020092E-03
+90.70000E-06,-8.14070343E-03
+90.75000E-06,-7.23618083E-03
+90.80000E-06,-7.23618083E-03
+90.85000E-06,-6.43216074E-03
+90.90000E-06,-6.43216074E-03
+90.95000E-06,-5.62814064E-03
+91.00000E-06,-4.82412055E-03
+91.05000E-06,-4.82412055E-03
+91.10000E-06,-4.02010046E-03
+91.15000E-06,-3.21608037E-03
+91.20000E-06,-3.21608037E-03
+91.25000E-06,-2.51256279E-03
+91.30000E-06,-2.41206028E-03
+91.35000E-06,-2.31155776E-03
+91.40000E-06,-1.60804018E-03
+91.45000E-06,-1.50753767E-03
+91.50000E-06,-804.02009E-06
+91.55000E-06,-100.50251E-06
+91.60000E-06,+0.0E+00
+91.65000E-06,+0.0E+00
+91.70000E-06,+804.02009E-06
+91.75000E-06,+1.60804018E-03
+91.80000E-06,+1.70854270E-03
+91.85000E-06,+2.41206028E-03
+91.90000E-06,+2.41206028E-03
+91.95000E-06,+3.31658288E-03
+92.00000E-06,+4.02010046E-03
+92.05000E-06,+4.82412055E-03
+92.10000E-06,+4.92462306E-03
+92.15000E-06,+5.62814064E-03
+92.20000E-06,+6.43216074E-03
+92.25000E-06,+7.23618083E-03
+92.30000E-06,+7.23618083E-03
+92.35000E-06,+8.04020092E-03
+92.40000E-06,+9.64824110E-03
+92.45000E-06,+8.84422101E-03
+92.50000E-06,+9.64824110E-03
+92.55000E-06,+10.45226119E-03
+92.60000E-06,+11.25628129E-03
+92.65000E-06,+11.25628129E-03
+92.70000E-06,+12.06030138E-03
+92.75000E-06,+12.16080389E-03
+92.80000E-06,+12.86432147E-03
+92.85000E-06,+13.66834156E-03
+92.90000E-06,+13.66834156E-03
+92.95000E-06,+14.47236165E-03
+93.00000E-06,+15.17587923E-03
+93.05000E-06,+15.27638175E-03
+93.10000E-06,+15.27638175E-03
+93.15000E-06,+15.27638175E-03
+93.20000E-06,+16.08040184E-03
+93.25000E-06,+16.08040184E-03
+93.30000E-06,+16.08040184E-03
+93.35000E-06,+16.88442193E-03
+93.40000E-06,+16.88442193E-03
+93.45000E-06,+16.88442193E-03
+93.50000E-06,+16.88442193E-03
+93.55000E-06,+16.88442193E-03
+93.60000E-06,+16.88442193E-03
+93.65000E-06,+16.88442193E-03
+93.70000E-06,+16.88442193E-03
+93.75000E-06,+16.88442193E-03
+93.80000E-06,+17.68844202E-03
+93.85000E-06,+17.68844202E-03
+93.90000E-06,+18.49246211E-03
+93.95000E-06,+18.49246211E-03
+94.00000E-06,+19.29648221E-03
+94.05000E-06,+19.29648221E-03
+94.10000E-06,+19.29648221E-03
+94.15000E-06,+19.99999979E-03
+94.20000E-06,+20.10050230E-03
+94.25000E-06,+20.10050230E-03
+94.30000E-06,+20.90452239E-03
+94.35000E-06,+20.90452239E-03
+94.40000E-06,+20.10050230E-03
+94.45000E-06,+20.10050230E-03
+94.50000E-06,+20.90452239E-03
+94.55000E-06,+20.10050230E-03
+94.60000E-06,+19.29648221E-03
+94.65000E-06,+20.80401988E-03
+94.70000E-06,+19.29648221E-03
+94.75000E-06,+19.29648221E-03
+94.80000E-06,+19.29648221E-03
+94.85000E-06,+19.29648221E-03
+94.90000E-06,+19.29648221E-03
+94.95000E-06,+19.19597969E-03
+95.00000E-06,+19.29648221E-03
+95.05000E-06,+18.49246211E-03
+95.10000E-06,+19.29648221E-03
+95.15000E-06,+18.59296463E-03
+95.20000E-06,+18.59296463E-03
+95.25000E-06,+18.49246211E-03
+95.30000E-06,+18.59296463E-03
+95.35000E-06,+18.49246211E-03
+95.40000E-06,+18.49246211E-03
+95.45000E-06,+18.39195960E-03
+95.50000E-06,+17.68844202E-03
+95.55000E-06,+17.68844202E-03
+95.60000E-06,+16.98492444E-03
+95.65000E-06,+17.68844202E-03
+95.70000E-06,+16.88442193E-03
+95.75000E-06,+16.88442193E-03
+95.80000E-06,+16.88442193E-03
+95.85000E-06,+16.08040184E-03
+95.90000E-06,+15.27638175E-03
+95.95000E-06,+15.27638175E-03
+96.00000E-06,+15.27638175E-03
+96.05000E-06,+14.47236165E-03
+96.10000E-06,+15.27638175E-03
+96.15000E-06,+14.57286417E-03
+96.20000E-06,+14.37185914E-03
+96.25000E-06,+14.47236165E-03
+96.30000E-06,+14.47236165E-03
+96.35000E-06,+14.37185914E-03
+96.40000E-06,+14.37185914E-03
+96.45000E-06,+13.66834156E-03
+96.50000E-06,+12.06030138E-03
+96.55000E-06,+12.86432147E-03
+96.60000E-06,+12.86432147E-03
+96.65000E-06,+12.06030138E-03
+96.70000E-06,+12.86432147E-03
+96.75000E-06,+11.25628129E-03
+96.80000E-06,+12.06030138E-03
+96.85000E-06,+12.76381896E-03
+96.90000E-06,+12.06030138E-03
+96.95000E-06,+11.95979887E-03
+97.00000E-06,+10.45226119E-03
+97.05000E-06,+10.45226119E-03
+97.10000E-06,+10.45226119E-03
+97.15000E-06,+10.45226119E-03
+97.20000E-06,+10.45226119E-03
+97.25000E-06,+9.64824110E-03
+97.30000E-06,+10.45226119E-03
+97.35000E-06,+9.64824110E-03
+97.40000E-06,+10.45226119E-03
+97.45000E-06,+9.64824110E-03
+97.50000E-06,+9.64824110E-03
+97.55000E-06,+9.64824110E-03
+97.60000E-06,+8.84422101E-03
+97.65000E-06,+8.84422101E-03
+97.70000E-06,+8.84422101E-03
+97.75000E-06,+8.04020092E-03
+97.80000E-06,+8.04020092E-03
+97.85000E-06,+7.93969841E-03
+97.90000E-06,+7.33668334E-03
+97.95000E-06,+7.23618083E-03
+98.00000E-06,+8.04020092E-03
+98.05000E-06,+8.04020092E-03
+98.10000E-06,+7.23618083E-03
+98.15000E-06,+7.23618083E-03
+98.20000E-06,+6.43216074E-03
+98.25000E-06,+6.33165822E-03
+98.30000E-06,+6.33165822E-03
+98.35000E-06,+6.43216074E-03
+98.40000E-06,+4.92462306E-03
+98.45000E-06,+4.82412055E-03
+98.50000E-06,+5.62814064E-03
+98.55000E-06,+5.62814064E-03
+98.60000E-06,+5.62814064E-03
+98.65000E-06,+5.62814064E-03
+98.70000E-06,+4.12060297E-03
+98.75000E-06,+4.82412055E-03
+98.80000E-06,+4.72361804E-03
+98.85000E-06,+4.02010046E-03
+98.90000E-06,+4.02010046E-03
+98.95000E-06,+4.02010046E-03
+99.00000E-06,+4.02010046E-03
+99.05000E-06,+4.02010046E-03
+99.10000E-06,+3.31658288E-03
+99.15000E-06,+3.21608037E-03
+99.20000E-06,+2.51256279E-03
+99.25000E-06,+3.21608037E-03
+99.30000E-06,+3.21608037E-03
+99.35000E-06,+2.41206028E-03
+99.40000E-06,+2.41206028E-03
+99.45000E-06,+1.60804018E-03
+99.50000E-06,+2.31155776E-03
+99.55000E-06,+1.60804018E-03
+99.60000E-06,+1.60804018E-03
+99.65000E-06,+1.60804018E-03
+99.70000E-06,+1.60804018E-03
+99.75000E-06,+1.60804018E-03
+99.80000E-06,+1.60804018E-03
+99.85000E-06,+804.02009E-06
+99.90000E-06,+1.50753767E-03
+99.95000E-06,+1.50753767E-03
+100.00000E-06,+0.0E+00
+100.05000E-06,+703.51758E-06
+100.10000E-06,+804.02009E-06
+100.15000E-06,+804.02009E-06
+100.20000E-06,+804.02009E-06
+100.25000E-06,+804.02009E-06
+100.30000E-06,+804.02009E-06
+100.35000E-06,+804.02009E-06
+100.40000E-06,+804.02009E-06
+100.45000E-06,+804.02009E-06
+100.50000E-06,+804.02009E-06
+100.55000E-06,+1.50753767E-03
+100.60000E-06,+804.02009E-06
+100.65000E-06,+804.02009E-06
+100.70000E-06,+0.0E+00
+100.75000E-06,+100.50251E-06
+100.80000E-06,+0.0E+00
+100.85000E-06,+0.0E+00
+100.90000E-06,+804.02009E-06
+100.95000E-06,+0.0E+00
+101.00000E-06,+0.0E+00
+101.05000E-06,+804.02009E-06
+101.10000E-06,+0.0E+00
+101.15000E-06,-804.02009E-06
+101.20000E-06,-804.02009E-06
+101.25000E-06,-804.02009E-06
+101.30000E-06,-703.51758E-06
+101.35000E-06,-804.02009E-06
+101.40000E-06,-804.02009E-06
+101.45000E-06,-804.02009E-06
+101.50000E-06,-804.02009E-06
+101.55000E-06,-804.02009E-06
+101.60000E-06,-804.02009E-06
+101.65000E-06,-1.60804018E-03
+101.70000E-06,-804.02009E-06
+101.75000E-06,-804.02009E-06
+101.80000E-06,+0.0E+00
+101.85000E-06,+0.0E+00
+101.90000E-06,+0.0E+00
+101.95000E-06,+0.0E+00
+102.00000E-06,+0.0E+00
+102.05000E-06,+804.02009E-06
+102.10000E-06,+0.0E+00
+102.15000E-06,+0.0E+00
+102.20000E-06,+0.0E+00
+102.25000E-06,+0.0E+00
+102.30000E-06,+0.0E+00
+102.35000E-06,+0.0E+00
+102.40000E-06,+0.0E+00
+102.45000E-06,-804.02009E-06
+102.50000E-06,-804.02009E-06
+102.55000E-06,-804.02009E-06
+102.60000E-06,-804.02009E-06
+102.65000E-06,+0.0E+00
+102.70000E-06,+0.0E+00
+102.75000E-06,-703.51758E-06
+102.80000E-06,+0.0E+00
+102.85000E-06,+0.0E+00
+102.90000E-06,+0.0E+00
+102.95000E-06,+0.0E+00
+103.00000E-06,+0.0E+00
+103.05000E-06,+703.51758E-06
+103.10000E-06,+0.0E+00
+103.15000E-06,+804.02009E-06
+103.20000E-06,+100.50251E-06
+103.25000E-06,+804.02009E-06
+103.30000E-06,+804.02009E-06
+103.35000E-06,+804.02009E-06
+103.40000E-06,+804.02009E-06
+103.45000E-06,+804.02009E-06
+103.50000E-06,+804.02009E-06
+103.55000E-06,+804.02009E-06
+103.60000E-06,+804.02009E-06
+103.65000E-06,+804.02009E-06
+103.70000E-06,+804.02009E-06
+103.75000E-06,+804.02009E-06
+103.80000E-06,+804.02009E-06
+103.85000E-06,+804.02009E-06
+103.90000E-06,+100.50251E-06
+103.95000E-06,+0.0E+00
+104.00000E-06,+0.0E+00
+104.05000E-06,+0.0E+00
+104.10000E-06,+0.0E+00
+104.15000E-06,+804.02009E-06
+104.20000E-06,+0.0E+00
+104.25000E-06,+0.0E+00
+104.30000E-06,+0.0E+00
+104.35000E-06,+0.0E+00
+104.40000E-06,+0.0E+00
+104.45000E-06,+0.0E+00
+104.50000E-06,-804.02009E-06
+104.55000E-06,-804.02009E-06
+104.60000E-06,-804.02009E-06
+104.65000E-06,-1.50753767E-03
+104.70000E-06,-804.02009E-06
+104.75000E-06,-804.02009E-06
+104.80000E-06,-1.60804018E-03
+104.85000E-06,-804.02009E-06
+104.90000E-06,-804.02009E-06
+104.95000E-06,-1.60804018E-03
+105.00000E-06,-804.02009E-06
+105.05000E-06,-904.52260E-06
+105.10000E-06,-1.50753767E-03
+105.15000E-06,-804.02009E-06
+105.20000E-06,-904.52260E-06
+105.25000E-06,-804.02009E-06
+105.30000E-06,-804.02009E-06
+105.35000E-06,-804.02009E-06
+105.40000E-06,-1.60804018E-03
+105.45000E-06,-804.02009E-06
+105.50000E-06,-804.02009E-06
+105.55000E-06,-804.02009E-06
+105.60000E-06,-703.51758E-06
+105.65000E-06,+0.0E+00
+105.70000E-06,-804.02009E-06
+105.75000E-06,+0.0E+00
+105.80000E-06,-804.02009E-06
+105.85000E-06,-804.02009E-06
+105.90000E-06,-703.51758E-06
+105.95000E-06,-804.02009E-06
+106.00000E-06,-804.02009E-06
+106.05000E-06,-804.02009E-06
+106.10000E-06,-804.02009E-06
+106.15000E-06,+0.0E+00
+106.20000E-06,+0.0E+00
+106.25000E-06,-804.02009E-06
+106.30000E-06,-804.02009E-06
+106.35000E-06,-804.02009E-06
+106.40000E-06,-804.02009E-06
+106.45000E-06,-804.02009E-06
+106.50000E-06,-804.02009E-06
+106.55000E-06,-804.02009E-06
+106.60000E-06,-100.50251E-06
+106.65000E-06,+0.0E+00
+106.70000E-06,+0.0E+00
+106.75000E-06,-100.50251E-06
+106.80000E-06,+0.0E+00
+106.85000E-06,+0.0E+00
+106.90000E-06,-804.02009E-06
+106.95000E-06,-100.50251E-06
+107.00000E-06,-703.51758E-06
+107.05000E-06,+0.0E+00
+107.10000E-06,+0.0E+00
+107.15000E-06,-804.02009E-06
+107.20000E-06,-804.02009E-06
+107.25000E-06,-804.02009E-06
+107.30000E-06,-904.52260E-06
+107.35000E-06,-804.02009E-06
+107.40000E-06,-804.02009E-06
+107.45000E-06,-804.02009E-06
+107.50000E-06,-703.51758E-06
+107.55000E-06,-804.02009E-06
+107.60000E-06,-100.50251E-06
+107.65000E-06,-804.02009E-06
+107.70000E-06,-703.51758E-06
+107.75000E-06,-804.02009E-06
+107.80000E-06,+0.0E+00
+107.85000E-06,+0.0E+00
+107.90000E-06,-804.02009E-06
+107.95000E-06,-804.02009E-06
+108.00000E-06,-804.02009E-06
+108.05000E-06,-804.02009E-06
+108.10000E-06,+0.0E+00
+108.15000E-06,+0.0E+00
+108.20000E-06,+0.0E+00
+108.25000E-06,+0.0E+00
+108.30000E-06,+0.0E+00
+108.35000E-06,+0.0E+00
+108.40000E-06,+0.0E+00
+108.45000E-06,+0.0E+00
+108.50000E-06,-703.51758E-06
+108.55000E-06,+0.0E+00
+108.60000E-06,+0.0E+00
+108.65000E-06,+0.0E+00
+108.70000E-06,+0.0E+00
+108.75000E-06,+703.51758E-06
+108.80000E-06,+804.02009E-06
+108.85000E-06,+0.0E+00
+108.90000E-06,+804.02009E-06
+108.95000E-06,+703.51758E-06
+109.00000E-06,+0.0E+00
+109.05000E-06,+804.02009E-06
+109.10000E-06,+100.50251E-06
+109.15000E-06,+0.0E+00
+109.20000E-06,+804.02009E-06
+109.25000E-06,+0.0E+00
+109.30000E-06,+804.02009E-06
+109.35000E-06,+804.02009E-06
+109.40000E-06,+1.60804018E-03
+109.45000E-06,+1.60804018E-03
+109.50000E-06,+1.60804018E-03
+109.55000E-06,+1.50753767E-03
+109.60000E-06,+1.60804018E-03
+109.65000E-06,+1.60804018E-03
+109.70000E-06,+1.60804018E-03
+109.75000E-06,+1.60804018E-03
+109.80000E-06,+1.60804018E-03
+109.85000E-06,+1.60804018E-03
+109.90000E-06,+1.70854270E-03
+109.95000E-06,+1.70854270E-03
+110.00000E-06,+2.41206028E-03
+110.05000E-06,+2.41206028E-03
+110.10000E-06,+2.41206028E-03
+110.15000E-06,+2.41206028E-03
+110.20000E-06,+2.41206028E-03
+110.25000E-06,+2.41206028E-03
+110.30000E-06,+2.41206028E-03
+110.35000E-06,+2.31155776E-03
+110.40000E-06,+2.41206028E-03
+110.45000E-06,+2.41206028E-03
+110.50000E-06,+2.41206028E-03
+110.55000E-06,+2.41206028E-03
+110.60000E-06,+2.41206028E-03
+110.65000E-06,+1.60804018E-03
+110.70000E-06,+2.41206028E-03
+110.75000E-06,+2.41206028E-03
+110.80000E-06,+2.41206028E-03
+110.85000E-06,+2.41206028E-03
+110.90000E-06,+2.41206028E-03
+110.95000E-06,+2.41206028E-03
+111.00000E-06,+3.21608037E-03
+111.05000E-06,+3.21608037E-03
+111.10000E-06,+3.21608037E-03
+111.15000E-06,+3.21608037E-03
+111.20000E-06,+4.02010046E-03
+111.25000E-06,+3.21608037E-03
+111.30000E-06,+4.02010046E-03
+111.35000E-06,+3.21608037E-03
+111.40000E-06,+4.02010046E-03
+111.45000E-06,+3.91959795E-03
+111.50000E-06,+4.82412055E-03
+111.55000E-06,+4.02010046E-03
+111.60000E-06,+4.02010046E-03
+111.65000E-06,+4.72361804E-03
+111.70000E-06,+4.02010046E-03
+111.75000E-06,+4.02010046E-03
+111.80000E-06,+4.82412055E-03
+111.85000E-06,+4.12060297E-03
+111.90000E-06,+4.02010046E-03
+111.95000E-06,+4.02010046E-03
+112.00000E-06,+4.02010046E-03
+112.05000E-06,+4.02010046E-03
+112.10000E-06,+4.02010046E-03
+112.15000E-06,+4.02010046E-03
+112.20000E-06,+4.02010046E-03
+112.25000E-06,+3.21608037E-03
+112.30000E-06,+4.02010046E-03
+112.35000E-06,+4.02010046E-03
+112.40000E-06,+4.02010046E-03
+112.45000E-06,+4.72361804E-03
+112.50000E-06,+4.02010046E-03
+112.55000E-06,+4.82412055E-03
+112.60000E-06,+4.02010046E-03
+112.65000E-06,+4.02010046E-03
+112.70000E-06,+4.02010046E-03
+112.75000E-06,+4.02010046E-03
+112.80000E-06,+4.12060297E-03
+112.85000E-06,+4.02010046E-03
+112.90000E-06,+4.82412055E-03
+112.95000E-06,+4.82412055E-03
+113.00000E-06,+4.02010046E-03
+113.05000E-06,+3.91959795E-03
+113.10000E-06,+4.02010046E-03
+113.15000E-06,+3.31658288E-03
+113.20000E-06,+4.02010046E-03
+113.25000E-06,+3.91959795E-03
+113.30000E-06,+3.21608037E-03
+113.35000E-06,+3.21608037E-03
+113.40000E-06,+4.02010046E-03
+113.45000E-06,+3.21608037E-03
+113.50000E-06,+4.02010046E-03
+113.55000E-06,+3.21608037E-03
+113.60000E-06,+3.21608037E-03
+113.65000E-06,+3.21608037E-03
+113.70000E-06,+3.31658288E-03
+113.75000E-06,+3.21608037E-03
+113.80000E-06,+3.21608037E-03
+113.85000E-06,+3.21608037E-03
+113.90000E-06,+3.21608037E-03
+113.95000E-06,+3.21608037E-03
+114.00000E-06,+3.11557786E-03
+114.05000E-06,+3.21608037E-03
+114.10000E-06,+3.21608037E-03
+114.15000E-06,+2.41206028E-03
+114.20000E-06,+3.21608037E-03
+114.25000E-06,+3.21608037E-03
+114.30000E-06,+3.21608037E-03
+114.35000E-06,+3.21608037E-03
+114.40000E-06,+3.21608037E-03
+114.45000E-06,+3.21608037E-03
+114.50000E-06,+3.21608037E-03
+114.55000E-06,+3.21608037E-03
+114.60000E-06,+3.21608037E-03
+114.65000E-06,+3.91959795E-03
+114.70000E-06,+3.21608037E-03
+114.75000E-06,+3.21608037E-03
+114.80000E-06,+3.21608037E-03
+114.85000E-06,+3.91959795E-03
+114.90000E-06,+4.02010046E-03
+114.95000E-06,+3.21608037E-03
+115.00000E-06,+4.02010046E-03
+115.05000E-06,+3.31658288E-03
+115.10000E-06,+3.21608037E-03
+115.15000E-06,+3.21608037E-03
+115.20000E-06,+3.21608037E-03
+115.25000E-06,+3.31658288E-03
+115.30000E-06,+4.02010046E-03
+115.35000E-06,+4.02010046E-03
+115.40000E-06,+3.21608037E-03
+115.45000E-06,+4.02010046E-03
+115.50000E-06,+4.02010046E-03
+115.55000E-06,+4.82412055E-03
+115.60000E-06,+4.72361804E-03
+115.65000E-06,+4.82412055E-03
+115.70000E-06,+4.82412055E-03
+115.75000E-06,+4.82412055E-03
+115.80000E-06,+5.52763813E-03
+115.85000E-06,+5.52763813E-03
+115.90000E-06,+4.12060297E-03
+115.95000E-06,+4.82412055E-03
+116.00000E-06,+4.82412055E-03
+116.05000E-06,+4.82412055E-03
+116.10000E-06,+4.82412055E-03
+116.15000E-06,+4.02010046E-03
+116.20000E-06,+4.02010046E-03
+116.25000E-06,+4.82412055E-03
+116.30000E-06,+4.02010046E-03
+116.35000E-06,+4.02010046E-03
+116.40000E-06,+4.02010046E-03
+116.45000E-06,+3.91959795E-03
+116.50000E-06,+4.02010046E-03
+116.55000E-06,+3.31658288E-03
+116.60000E-06,+4.82412055E-03
+116.65000E-06,+4.02010046E-03
+116.70000E-06,+4.02010046E-03
+116.75000E-06,+4.02010046E-03
+116.80000E-06,+4.02010046E-03
+116.85000E-06,+4.02010046E-03
+116.90000E-06,+4.02010046E-03
+116.95000E-06,+3.21608037E-03
+117.00000E-06,+4.02010046E-03
+117.05000E-06,+3.91959795E-03
+117.10000E-06,+4.02010046E-03
+117.15000E-06,+4.02010046E-03
+117.20000E-06,+4.02010046E-03
+117.25000E-06,+4.02010046E-03
+117.30000E-06,+4.02010046E-03
+117.35000E-06,+4.02010046E-03
+117.40000E-06,+4.02010046E-03
+117.45000E-06,+3.91959795E-03
+117.50000E-06,+3.21608037E-03
+117.55000E-06,+4.02010046E-03
+117.60000E-06,+3.31658288E-03
+117.65000E-06,+4.02010046E-03
+117.70000E-06,+3.21608037E-03
+117.75000E-06,+4.02010046E-03
+117.80000E-06,+4.02010046E-03
+117.85000E-06,+4.02010046E-03
+117.90000E-06,+4.02010046E-03
+117.95000E-06,+4.82412055E-03
+118.00000E-06,+4.02010046E-03
+118.05000E-06,+4.72361804E-03
+118.10000E-06,+4.82412055E-03
+118.15000E-06,+4.82412055E-03
+118.20000E-06,+4.82412055E-03
+118.25000E-06,+4.82412055E-03
+118.30000E-06,+4.82412055E-03
+118.35000E-06,+4.82412055E-03
+118.40000E-06,+4.82412055E-03
+118.45000E-06,+4.82412055E-03
+118.50000E-06,+4.02010046E-03
+118.55000E-06,+4.72361804E-03
+118.60000E-06,+4.02010046E-03
+118.65000E-06,+4.72361804E-03
+118.70000E-06,+4.02010046E-03
+118.75000E-06,+4.02010046E-03
+118.80000E-06,+4.02010046E-03
+118.85000E-06,+4.02010046E-03
+118.90000E-06,+3.21608037E-03
+118.95000E-06,+4.02010046E-03
+119.00000E-06,+4.02010046E-03
+119.05000E-06,+4.02010046E-03
+119.10000E-06,+4.02010046E-03
+119.15000E-06,+4.02010046E-03
+119.20000E-06,+4.02010046E-03
+119.25000E-06,+4.02010046E-03
+119.30000E-06,+4.02010046E-03
+119.35000E-06,+4.82412055E-03
+119.40000E-06,+4.02010046E-03
+119.45000E-06,+4.72361804E-03
+119.50000E-06,+4.82412055E-03
+119.55000E-06,+4.82412055E-03
+119.60000E-06,+4.82412055E-03
+119.65000E-06,+4.82412055E-03
+119.70000E-06,+5.62814064E-03
+119.75000E-06,+5.62814064E-03
+119.80000E-06,+4.82412055E-03
+119.85000E-06,+5.62814064E-03
+119.90000E-06,+5.62814064E-03
+119.95000E-06,+4.82412055E-03
+120.00000E-06,+4.82412055E-03
+120.05000E-06,+4.82412055E-03
+120.10000E-06,+4.02010046E-03
+120.15000E-06,+4.12060297E-03
+120.20000E-06,+4.02010046E-03
+120.25000E-06,+3.21608037E-03
+120.30000E-06,+3.21608037E-03
+120.35000E-06,+3.21608037E-03
+120.40000E-06,+4.02010046E-03
+120.45000E-06,+3.21608037E-03
+120.50000E-06,+4.02010046E-03
+120.55000E-06,+3.31658288E-03
+120.60000E-06,+4.02010046E-03
+120.65000E-06,+4.82412055E-03
+120.70000E-06,+4.02010046E-03
+120.75000E-06,+4.02010046E-03
+120.80000E-06,+4.82412055E-03
+120.85000E-06,+4.02010046E-03
+120.90000E-06,+4.02010046E-03
+120.95000E-06,+4.02010046E-03
+121.00000E-06,+3.21608037E-03
+121.05000E-06,+3.21608037E-03
+121.10000E-06,+4.02010046E-03
+121.15000E-06,+3.21608037E-03
+121.20000E-06,+3.21608037E-03
+121.25000E-06,+3.21608037E-03
+121.30000E-06,+2.51256279E-03
+121.35000E-06,+3.11557786E-03
+121.40000E-06,+3.11557786E-03
+121.45000E-06,+2.41206028E-03
+121.50000E-06,+1.70854270E-03
+121.55000E-06,+2.41206028E-03
+121.60000E-06,+2.41206028E-03
+121.65000E-06,+1.60804018E-03
+121.70000E-06,+2.41206028E-03
+121.75000E-06,+2.41206028E-03
+121.80000E-06,+2.51256279E-03
+121.85000E-06,+2.41206028E-03
+121.90000E-06,+3.11557786E-03
+121.95000E-06,+2.41206028E-03
+122.00000E-06,+2.51256279E-03
+122.05000E-06,+3.21608037E-03
+122.10000E-06,+2.41206028E-03
+122.15000E-06,+3.21608037E-03
+122.20000E-06,+3.21608037E-03
+122.25000E-06,+3.21608037E-03
+122.30000E-06,+3.21608037E-03
+122.35000E-06,+3.21608037E-03
+122.40000E-06,+3.21608037E-03
+122.45000E-06,+4.02010046E-03
+122.50000E-06,+4.02010046E-03
+122.55000E-06,+4.02010046E-03
+122.60000E-06,+3.21608037E-03
+122.65000E-06,+4.02010046E-03
+122.70000E-06,+4.02010046E-03
+122.75000E-06,+4.02010046E-03
+122.80000E-06,+3.91959795E-03
+122.85000E-06,+3.91959795E-03
+122.90000E-06,+3.21608037E-03
+122.95000E-06,+3.21608037E-03
+123.00000E-06,+3.21608037E-03
+123.05000E-06,+3.11557786E-03
+123.10000E-06,+2.51256279E-03
+123.15000E-06,+3.21608037E-03
+123.20000E-06,+3.21608037E-03
+123.25000E-06,+2.41206028E-03
+123.30000E-06,+2.41206028E-03
+123.35000E-06,+2.41206028E-03
+123.40000E-06,+1.70854270E-03
+123.45000E-06,+1.60804018E-03
+123.50000E-06,+1.60804018E-03
+123.55000E-06,+1.60804018E-03
